file,url
AEPP 2022 - Turner & Tsiboe - The Crop Insurance Demand Response to the Wildfire and Hurricane Indemnity.pdf,https://doi.org/10.1002/aepp.13314
AEPP 2025 - Tsiboe & Turner - Incorporating Buy-up Price Loss Coverage into the United States Farm Safety Net.pdf,https://doi.org/10.1002/aepp.13536
AEPP 2025 - Tsiboe et al. - Risk Reduction Impacts of Crop Insurance in the United States.pdf,https://doi.org/10.1002/aepp.13513
AEPP 2026 - Tsiboe - Routine Actuarial Adjustments Cut Taxpayer Cost in Subsidized Agricultural Insurance.pdf,https://doi.org/10.1002/aepp.70052
AFR 2025 - Gaku & Tsiboe - Evaluation of Alternative Farm Safety Net Program Combination Strategies.pdf,https://doi.org/10.1108/AFR-11-2023-0150
AJAE 2022 - Tsiboe & Tack - Utilizing Topographic and Soil Features to Improve Rating for Farm-level Insurance.pdf,https://doi.org/10.1111/ajae.12218
ARER 2023 - Tsiboe & Turner - Econometric Identification of Crop Insurance Participation.pdf,https://doi.org/10.1017/age.2023.13
ARPC Brief 2025-01 - Crop Insurance Generally Improves Farm Revenues but Effects Vary by Policy Type.pdf,https://www.arpc-ndsu.com/post/crop-insurance-generally-improves-farm-revenues-but-effects-vary-by-policy-type
ARPC Brief 2025-09 - Crop Insurance Premium and Interest Deferrals in a Time of Rising Farm Costs.pdf,https://www.arpc-ndsu.com/briefs
"ARPC Brief 2025-11 - Rising Costs, Falling Prices - Regional Disparities Deepen Farm Financial Stress.pdf",https://doi.org/10.22004/ag.econ.388967
ARPC Brief 2025-12 - What Repeated Crop Insurance Premium Interest Deferrals Mean for Farmers.pdf,https://www.arpc-ndsu.com/post/what-repeated-crop-insurance-premium-interest-deferrals-mean-for-farmers
ARPC Brief 2025-13 - Evolution of US Federal Crop-Insurance Plans.pdf,https://www.arpc-ndsu.com/briefs
ARPC Brief 2025-14 - A Horse Race Comparison of County-Level Crop Yield Prediction Methods.pdf,https://www.arpc-ndsu.com/briefs
"ARPC Brief 2025-16 - Pasture, Rangeland, and Forage (PRF) Insurance Expansion and Emerging Limits to Growth.pdf",https://doi.org/10.22004/ag.econ.391345
ARPC Brief 2025-18 - Prevented Planting Buy-Up Coverage - Payments and Policy Changes.pdf,https://doi.org/10.22004/ag.econ.386094
ARPC Brief 2026-01 - The Actuarial Performance of Prevented Planting Buy-Up Coverage.pdf,https://doi.org/10.22004/ag.econ.387586
ARPC Brief 2026-02 - Ending Prevented Planting Buy-Ups Changes Insurance Choices and Expands Program Risk.pdf,https://doi.org/10.22004/ag.econ.388966
ARPC Brief 2026-03 - What Ending Prevented Planting Buy-Ups Means for Farmers' Insurance Costs.pdf,https://www.arpc-ndsu.com/post/what-ending-prevented-planting-buy-ups-means-for-farmers-insurance-costs
ARPC Brief 2026-06 - Routine Pricing Adjustments Help Keep Crop Insurance Costs in Check.pdf,https://www.arpc-ndsu.com/post/routine-pricing-adjustments-help-keep-crop-insurance-costs-in-check
ARPC Brief 2026-07 - Are Crop Yields Becoming More Stable and Higher Evidence from US County-Level Data Since 1980.pdf,https://www.arpc-ndsu.com/briefs
"ARPC Brief 2026-08 - Continued Pasture, Rangeland, and Forage (PRF) Insurance Expansion in 2026.pdf",https://www.arpc-ndsu.com/post/continued-pasture-rangeland-and-forage-prf-insurance-expansion-in-2026
ARPC Brief 2026-12 - Early Signals for Supplemental Crop Insurance Adoption Under Partial OBBBA Implementation.pdf,https://www.arpc-ndsu.com/briefs
"ARPC Report 2026-01 - Size and Growth of the United States Crop Insurance Portfolio, 2025.pdf",https://www.arpc-ndsu.com/publications
ARPC White Paper 2025-04 - When Disaster Strikes the Billing Date - A Scoping Review of Crop Insurance Interest Deferrals.pdf,https://doi.org/10.22004/ag.econ.364685
"ARPC White Paper 2026-01 - Prevented Planting After Buy-Up Elimination - Coverage Level Substitution, Producer Costs, and Enhanced Premium Subsidies (OBBB).pdf",https://doi.org/10.22004/ag.econ.386196
"ARPC White Paper 2026-02 - Prevented Planting Buy-Up Elimination - Adoption, Actuarial Performance, and Pre-Planting Risk Management Options.pdf",https://doi.org/10.22004/ag.econ.388968
ARPC White Paper 2026-08 - Crop Insurance and Nitrogen Reduction Under Elevated Fertilizer Prices.pdf,https://www.arpc-ndsu.com/outreach/publications/crop-insurance-and-nitrogen-reduction-under-elevated-fertilizer-prices
ARPC Working Paper 2026-03 - Agricultural Insurance Association with Farm Technology and Technical Efficiency.pdf,https://doi.org/10.22004/ag.econ.396438
Food Policy 2023 - Tsiboe & Turner - The Crop Insurance Demand Response to Premium Subsidies (US).pdf,https://doi.org/10.1016/j.foodpol.2023.102505
JAAE 2025 - Turner et al. - Crop Insurance Participation and Cover Crop Use.pdf,https://doi.org/10.1017/aae.2025.12
"JAAEA 2023 - Tsiboe, Tack & Yu - Farm-level Evaluation of Area- and Agroclimatic-based Index Insurance.pdf",https://doi.org/10.1002/jaa2.77
"JRI 2024 - Tsiboe, Turner & Yu - Utilizing Large-scale Insurance Data Sets to Calibrate Sub-county Level Crop Yields.pdf",https://doi.org/10.1111/jori.12494
USDA ERS EIB 2023 - Baldwin - US Agricultural Policy Review 2021.pdf,https://doi.org/10.22004/ag.econ.333549
USDA ERS EIB 2023 - Baldwin - US Agricultural Policy Review 2022.pdf,https://doi.org/10.32747/2023.8134363.ers
USDA ERS EIB 2023 - Turner - Federal Programs for Agricultural Risk Management.pdf,https://doi.org/10.32747/2023.8321812.ers
USDA ERS EIB 2024 - Baldwin - Recent Developments in Ad Hoc Assistance Programs for Agricultural Producers.pdf,https://doi.org/10.32747/2024.8633521.ers
